"","decimalLatitude","decimalLongitude","year"
"1",-51.3568,-60.705,1989
"2",-56.516667,-68.633333,1990
"3",-56.516667,-68.633333,1990
"4",-51.2639,-59.8365,1990
"5",-51.3581,-60.6885,1992
"6",-52.4291,-59.0922,1992
"7",-52.4291,-59.0922,1992
"8",-55.975,-67.2789,1993
"9",-56.4815,-68.7236,1993
"10",-51.7379,-61.307,1994
"11",-51.7379,-61.307,1994
"12",-51.3568,-60.705,1994
"13",-51.2941,-60.5388,1994
"14",-51.0358,-61.2158,1994
"15",-51.2941,-60.5388,1994
"16",-51.7379,-61.307,1994
"17",-51.0358,-61.2158,1994
"18",-51.3568,-60.705,1994
"19",-51.2941,-60.5388,1995
"20",-55.9446,-67.2772,1995
"21",-51.7379,-61.307,1995
"22",-51.6907,-57.7846,1995
"23",-51.7635,-58.0704,1995
"24",-51.2941,-60.5388,1995
"25",-51.3568,-60.705,1995
"26",-52.4291,-59.0922,1995
"27",-51.7379,-61.307,1995
"28",-51.7379,-61.307,1995
"29",-51.2941,-60.5388,1995
"30",-51.2941,-60.5388,1996
"31",-56.4815,-68.7236,1996
"32",-51.3465,-60.7006,1997
"33",-51.3568,-60.705,1997
"34",-51.7379,-61.307,1997
"35",-51.2941,-60.5388,1997
"36",-51.4798,-57.8338,1998
"37",-51.6764,-57.8084,1998
"38",-55.9648,-67.225,1998
"39",-51.7379,-61.307,1998
"40",-52.574498,-59.108065,1999
"41",-52.2227,-58.8819,1999
"42",-54.8781,-68.6772,1999
"43",-54.8781,-68.6772,1999
"44",-51.3568,-60.705,1999
"45",-51.2941,-60.5388,1999
"46",-51.0358,-61.2158,1999
"47",-51.7379,-61.307,1999
"48",-51.6946,-57.8697,2000
"49",-52.4291,-59.0922,2000
"50",-51.7379,-61.307,2000
"51",-51.3568,-60.705,2000
"52",-52.4291,-59.0922,2000
"53",-52.4291,-59.0922,2000
"54",-51.2941,-60.5388,2000
"55",-51.3485,-60.6854,2000
"56",-51.7213,-61.3006,2000
"57",-52.4291,-59.0922,2000
"58",-51.7138,-61.3011,2000
"59",-51.0366,-61.2118,2000
"60",-51.7158,-61.3121,2000
"61",-51.7379,-61.307,2000
"62",-51.771466,-59.501953,2001
"63",-51.771466,-59.501953,2001
"64",-56.4815,-68.7236,2001
"65",-52.4291,-59.0922,2001
"66",-51.3568,-60.705,2001
"67",-54.9271,-67.259,2001
"68",-51.0358,-61.2158,2001
"69",-51.2941,-60.5388,2001
"70",-51.3568,-60.705,2002
"71",-51.727,-58.623,2002
"72",-51.2941,-60.5388,2002
"73",-51.7379,-61.307,2002
"74",-51.0358,-61.2158,2003
"75",-54.4546,-72.951,2003
"76",-54.4946,-73.0396,2003
"77",-56.434259,-68.664869,2003
"78",-52.4291,-59.0922,2003
"79",-51.7379,-61.307,2003
"80",-51.3568,-60.705,2004
"81",-51.3568,-60.705,2004
"82",-51.260878,-60.642958,2004
"83",-51.3568,-60.705,2004
"84",-51.2941,-60.5388,2004
"85",-51.0358,-61.2158,2004
"86",-51.7379,-61.307,2004
"87",-51.6957,-57.855,2004
"88",-51.2941,-60.5388,2004
"89",-54.8719,-67.9504,2004
"90",-51.2941,-60.5388,2004
"91",-51.2941,-60.5388,2004
"92",-51.7379,-61.307,2004
"93",-52.4291,-59.0922,2004
"94",-51.349052,-60.698006,2005
"95",-51.7379,-61.307,2005
"96",-56.4815,-68.7236,2005
"97",-56.4815,-68.7236,2005
"98",-51.7379,-61.307,2005
"99",-51.6764,-57.8084,2005
"100",-51.3568,-60.705,2005
"101",-55.9648,-67.225,2005
"102",-52.4462,-59.1144,2005
"103",-52.2227,-58.8819,2005
"104",-56.0782,-66.687,2005
"105",-55.9648,-67.225,2005
"106",-51.5224,-59.5239,2005
"107",-51.3568,-60.705,2005
"108",-51.2941,-60.5388,2005
"109",-52.4291,-59.0922,2006
"110",-54.2533,-72.621,2006
"111",-51.7379,-61.307,2006
"112",-51.2941,-60.5388,2006
"113",-51.2511,-60.5278,2006
"114",-51.3483,-60.6875,2006
"115",-51.642582,-61.364865,2006
"116",-52.4291,-59.0922,2006
"117",-52.433297,-59.042695,2006
"118",-55.9646,-67.2858,2006
"119",-52.4291,-59.0922,2006
"120",-51.2941,-60.5388,2006
"121",-51.273631,-60.555505,2006
"122",-54.7436,-69.9829,2006
"123",-52.4291,-59.0922,2006
"124",-51.662943,-57.832781,2006
"125",-51.231329,-60.643987,2006
"126",-55.0847,-66.8958,2006
"127",-51.016,-61.2405,2006
"128",-51.016,-61.2405,2006
"129",-52.4291,-59.0922,2006
"130",-51.7379,-61.307,2006
"131",-51.0358,-61.2158,2006
"132",-51.3568,-60.705,2006
"133",-51.0358,-61.2158,2006
"134",-51.2941,-60.5388,2006
"135",-54.811,-68.3212,2006
"136",-51.7122,-61.3032,2007
"137",-51.7379,-61.307,2007
"138",-51.67761,-60.072647,2007
"139",-51.3568,-60.705,2007
"140",-56.0782,-66.687,2007
"141",-51.7379,-61.307,2007
"142",-51.7379,-61.307,2007
"143",-51.7379,-61.307,2007
"144",-51.7379,-61.307,2007
"145",-51.7379,-61.307,2007
"146",-51.274027,-60.77849,2007
"147",-51.7379,-61.307,2007
"148",-51.3488,-60.6991,2007
"149",-51.3568,-60.705,2007
"150",-51.3527,-60.6838,2007
"151",-51.3521,-60.6849,2007
"152",-54.642744,-68.286006,2007
"153",-51.2941,-60.5388,2008
"154",-51.3274,-60.192,2008
"155",-51.7379,-61.307,2008
"156",-51.2941,-60.5388,2008
"157",-51.0358,-61.2158,2008
"158",-51.2941,-60.5388,2008
"159",-51.7379,-61.307,2008
"160",-51.253403,-60.230537,2008
"161",-51.31,-60.238,2008
"162",-51.2941,-60.5388,2008
"163",-51.3077,-60.2333,2008
"164",-51.3077,-60.2333,2008
"165",-51.31,-60.238,2008
"166",-51.7304,-61.3037,2008
"167",-51.3535,-60.6881,2008
"168",-51.2941,-60.5388,2008
"169",-51.2941,-60.5388,2008
"170",-51.3649,-60.694,2008
"171",-51.3365,-60.7239,2008
"172",-51.3486,-60.6849,2008
"173",-51.3486,-60.6849,2008
"174",-51.7379,-61.307,2008
"175",-51.7379,-61.307,2008
"176",-51.7379,-61.307,2008
"177",-51.7379,-61.307,2008
"178",-51.7379,-61.307,2008
"179",-51.7379,-61.307,2008
"180",-51.7379,-61.307,2008
"181",-51.7379,-61.307,2008
"182",-51.7379,-61.307,2008
"183",-51.7379,-61.307,2008
"184",-51.7379,-61.307,2008
"185",-51.7379,-61.307,2008
"186",-51.2811,-60.5647,2008
"187",-51.7379,-61.307,2008
"188",-51.3568,-60.705,2008
"189",-51.7379,-61.307,2008
"190",-51.7379,-61.307,2008
"191",-51.7379,-61.307,2008
"192",-51.7379,-61.307,2008
"193",-51.7379,-61.307,2008
"194",-51.3077,-60.2333,2009
"195",-51.2939,-60.5572,2009
"196",-51.3077,-60.2333,2009
"197",-51.2939,-60.5572,2009
"198",-51.2939,-60.5572,2009
"199",-51.2939,-60.5572,2009
"200",-51.3077,-60.2333,2009
"201",-51.3077,-60.2333,2009
"202",-51.2941,-60.5388,2009
"203",-51.2941,-60.5388,2009
"204",-51.3619,-60.0819,2009
"205",-51.6764,-57.8084,2009
"206",-51.7158,-61.3121,2009
"207",-51.7213,-61.3006,2009
"208",-51.686,-57.7633,2009
"209",-51.686,-57.7633,2009
"210",-51.3077,-60.2333,2009
"211",-51.3077,-60.2333,2009
"212",-51.2804,-60.5631,2009
"213",-51.7379,-61.307,2009
"214",-51.3521,-60.6857,2009
"215",-51.5955,-60.7197,2009
"216",-51.7379,-61.307,2009
"217",-51.7379,-61.307,2009
"218",-51.7379,-61.307,2009
"219",-51.7379,-61.307,2009
"220",-54.4673,-73.0138,2009
"221",-51.6706,-61.2399,2009
"222",-54.4901,-73.0265,2009
"223",-51.7714,-58.84,2009
"224",-51.7714,-58.84,2009
"225",-51.3568,-60.705,2009
"226",-51.7379,-61.307,2009
"227",-51.2941,-60.5388,2009
"228",-51.7379,-61.307,2009
"229",-51.7379,-61.307,2009
"230",-51.7379,-61.307,2009
"231",-51.7379,-61.307,2009
"232",-51.7133,-59.4011,2009
"233",-52.435501,-59.087906,2009
"234",-52.435501,-59.087906,2009
"235",-52.435501,-59.087906,2009
"236",-52.435501,-59.087906,2009
"237",-52.435501,-59.087906,2009
"238",-52.435501,-59.087906,2009
"239",-51.3568,-60.705,2009
"240",-51.3077,-60.2333,2009
"241",-51.7379,-61.307,2009
"242",-51.2941,-60.5388,2010
"243",-51.3077,-60.2333,2010
"244",-51.0358,-61.2158,2010
"245",-51.3077,-60.2333,2010
"246",-51.3077,-60.2333,2010
"247",-51.2941,-60.5388,2010
"248",-52.4291,-59.0922,2010
"249",-52.4291,-59.0922,2010
"250",-51.3077,-60.2333,2010
"251",-51.0358,-61.2158,2010
"252",-51.3077,-60.2333,2010
"253",-51.0358,-61.2158,2010
"254",-51.2941,-60.5388,2010
"255",-51.3077,-60.2333,2010
"256",-51.3077,-60.2333,2010
"257",-51.2941,-60.5388,2010
"258",-51.3077,-60.2333,2010
"259",-51.0358,-61.2158,2010
"260",-51.3077,-60.2333,2010
"261",-51.308,-60.2232,2010
"262",-51.3087,-60.5305,2010
"263",-51.0355,-61.2137,2010
"264",-51.6911,-57.8657,2010
"265",-51.3077,-60.2333,2010
"266",-51.3077,-60.2333,2010
"267",-51.0358,-61.2158,2010
"268",-51.2941,-60.5388,2010
"269",-51.3042,-60.0943,2010
"270",-51.0358,-61.2158,2010
"271",-51.7379,-61.307,2010
"272",-51.3274,-60.192,2010
"273",-51.2941,-60.5388,2010
"274",-51.7504,-61.2854,2010
"275",-49.1922,-75.398,2010
"276",-49.9653,-74.9839,2010
"277",-54.7874,-68.2154,2010
"278",-54.7874,-68.2154,2010
"279",-54.7874,-68.2154,2010
"280",-54.787817,-68.247835,2010
"281",-51.0358,-61.2158,2010
"282",-51.7379,-61.307,2010
"283",-51.7379,-61.307,2010
"284",-51.7379,-61.307,2010
"285",-52.2816,-58.6121,2010
"286",-51.2834,-59.6571,2010
"287",-52.2816,-58.6121,2010
"288",-55.9646,-67.2858,2010
"289",-51.2941,-60.5388,2010
"290",-51.7379,-61.307,2010
"291",-51.7379,-61.307,2010
"292",-51.6034,-57.8743,2010
"293",-51.3568,-60.705,2010
"294",-55.9799,-67.2882,2010
"295",-51.2941,-60.5388,2010
"296",-51.2941,-60.5388,2011
"297",-51.7934,-58.2569,2011
"298",-55.975,-67.2789,2011
"299",-51.6957,-57.855,2011
"300",-51.6764,-57.8084,2011
"301",-51.6957,-57.855,2011
"302",-56.514,-68.7112,2011
"303",-51.712294,-59.498621,2011
"304",-51.2941,-60.5388,2011
"305",-51.2941,-60.5388,2011
"306",-51.7379,-61.307,2011
"307",-51.2941,-60.5388,2011
"308",-51.3568,-60.705,2011
"309",-51.3568,-60.705,2011
"310",-51.2941,-60.5388,2011
"311",-51.3066,-60.239,2011
"312",-51.3066,-60.239,2011
"313",-51.639611,-61.310408,2012
"314",-51.673805,-61.366464,2012
"315",-51.612642,-61.394508,2012
"316",-52.2227,-58.8819,2012
"317",-52.4291,-59.0922,2012
"318",-51.3421,-60.6908,2012
"319",-51.7379,-61.307,2012
"320",-51.0358,-61.2158,2012
"321",-51.7379,-61.307,2012
"322",-51.2941,-60.5388,2012
"323",-51.0358,-61.2158,2012
"324",-51.3568,-60.705,2012
"325",-51.2941,-60.5388,2012
"326",-51.3568,-60.705,2012
"327",-51.2941,-60.5388,2012
"328",-51.3568,-60.705,2012
"329",-55.975,-67.2789,2012
"330",-52.4291,-59.0922,2012
"331",-51.2941,-60.5388,2012
"332",-51.2941,-60.5388,2012
"333",-51.2941,-60.5388,2012
"334",-51.3568,-60.705,2012
"335",-51.2941,-60.5388,2012
"336",-51.3568,-60.705,2012
"337",-51.2941,-60.5388,2012
"338",-52.4291,-59.0922,2012
"339",-54.878,-67.3313,2012
"340",-51.7379,-61.307,2012
"341",-51.7379,-61.307,2012
"342",-51.7379,-61.307,2012
"343",-51.7379,-61.307,2012
"344",-52.4291,-59.0922,2012
"345",-51.7379,-61.307,2012
"346",-52.4291,-59.0922,2012
"347",-51.0358,-61.2158,2012
"348",-52.4321,-59.0955,2012
"349",-51.0374,-61.2097,2012
"350",-51.6951,-61.256,2012
"351",-54.8109,-68.299,2012
"352",-52.4291,-59.0922,2012
"353",-51.7379,-61.307,2012
"354",-51.3568,-60.705,2012
"355",-52.2227,-58.8819,2012
"356",-51.3077,-60.2333,2012
"357",-51.3568,-60.705,2012
"358",-51.7213,-61.3006,2012
"359",-51.2941,-60.5388,2012
"360",-52.4291,-59.0922,2012
"361",-51.7158,-61.3121,2012
"362",-54.8374,-68.5594,2012
"363",-51.2941,-60.5388,2012
"364",-52.4291,-59.0922,2012
"365",-51.7379,-61.307,2012
"366",-51.2941,-60.5388,2013
"367",-51.3077,-60.2333,2013
"368",-51.2941,-60.5388,2013
"369",-51.31,-60.2174,2013
"370",-51.3077,-60.2333,2013
"371",-51.693,-60.6335,2013
"372",-55.975,-67.2789,2013
"373",-51.2941,-60.5388,2013
"374",-51.0358,-61.2158,2013
"375",-51.309,-60.2373,2013
"376",-51.2941,-60.5388,2013
"377",-55.9624,-67.2242,2013
"378",-51.692,-57.8665,2013
"379",-51.6919,-57.8665,2013
"380",-52.45,-59.0708,2013
"381",-51.3077,-60.2333,2013
"382",-52.537405,-59.167679,2013
"383",-51.309155,-60.523853,2013
"384",-51.349,-60.713,2013
"385",-51.309271,-60.521522,2013
"386",-51.349402,-60.713482,2013
"387",-51.307961,-60.520184,2013
"388",-51.683532,-61.214785,2013
"389",-51.233052,-60.439408,2013
"390",-51.7379,-61.307,2013
"391",-51.0358,-61.2158,2013
"392",-52.4291,-59.0922,2013
"393",-51.7379,-61.307,2013
"394",-54.8708,-64.6485,2013
"395",-51.3568,-60.705,2013
"396",-51.3568,-60.705,2013
"397",-51.0358,-61.2158,2013
"398",-51.7379,-61.307,2013
"399",-51.3203,-59.9753,2013
"400",-51.3568,-60.705,2013
"401",-52.4291,-59.0922,2013
"402",-51.7482,-58.178,2014
"403",-51.3568,-60.705,2014
"404",-51.2941,-60.5388,2014
"405",-51.3077,-60.2333,2014
"406",-51.365,-60.6332,2014
"407",-51.2532,-60.5949,2014
"408",-51.2918,-60.5555,2014
"409",-51.3523,-60.6489,2014
"410",-51.3568,-60.705,2014
"411",-51.2941,-60.5388,2014
"412",-51.3274,-60.192,2014
"413",-51.3568,-60.705,2014
"414",-51.0357,-61.2138,2014
"415",-51.7084,-61.2943,2014
"416",-51.3097,-60.5216,2014
"417",-51.3079,-60.2419,2014
"418",-51.3496,-60.6854,2014
"419",-51.3496,-60.6854,2014
"420",-51.7084,-61.2943,2014
"421",-51.3097,-60.5216,2014
"422",-51.4798,-57.8338,2014
"423",-53.753,-72.2749,2014
"424",-52.2227,-58.8819,2014
"425",-51.0358,-61.2158,2014
"426",-51.3657,-60.3895,2014
"427",-55.9624,-67.2242,2014
"428",-51.2953,-60.5559,2014
"429",-51.3496,-60.6854,2014
"430",-52.435501,-59.087906,2014
"431",-51.307667,-60.234776,2014
"432",-54.987199,-64.67535,2014
"433",-51.2942,-60.5571,2014
"434",-51.315081,-60.253941,2014
"435",-51.315081,-60.253941,2014
"436",-51.295905,-60.556268,2014
"437",-51.315081,-60.253941,2014
"438",-51.295905,-60.556268,2014
"439",-51.295905,-60.556268,2014
"440",-51.315081,-60.253941,2014
"441",-51.295905,-60.556268,2014
"442",-51.3077,-60.2333,2014
"443",-51.3077,-60.2333,2014
"444",-51.3077,-60.2333,2014
"445",-51.3077,-60.2333,2014
"446",-52.4291,-59.0922,2014
"447",-52.4291,-59.0922,2014
"448",-51.3077,-60.2333,2014
"449",-51.3077,-60.2333,2014
"450",-52.4291,-59.0922,2014
"451",-52.2227,-58.8819,2014
"452",-52.4291,-59.0922,2014
"453",-52.4291,-59.0922,2014
"454",-52.4291,-59.0922,2014
"455",-52.4291,-59.0922,2014
"456",-51.3077,-60.2333,2014
"457",-52.4291,-59.0922,2014
"458",-51.7379,-61.307,2014
"459",-51.7213,-61.3006,2014
"460",-51.7041,-61.2871,2014
"461",-51.7158,-61.3121,2014
"462",-51.0358,-61.2158,2014
"463",-51.3077,-60.2333,2014
"464",-51.3568,-60.705,2014
"465",-51.3274,-60.192,2014
"466",-51.3274,-60.192,2014
"467",-51.3568,-60.705,2014
"468",-51.3568,-60.705,2014
"469",-51.3662,-60.6324,2014
"470",-51.6963,-61.269,2014
"471",-51.0387,-61.2237,2014
"472",-51.7379,-61.307,2014
"473",-51.7041,-61.2871,2014
"474",-51.7213,-61.3006,2014
"475",-51.7158,-61.3121,2014
"476",-51.0358,-61.2158,2014
"477",-52.4291,-59.0922,2014
"478",-51.2941,-60.5388,2014
"479",-51.2941,-60.5388,2014
"480",-51.2941,-60.5388,2014
"481",-54.951615,-64.605061,2014
"482",-51.3568,-60.705,2014
"483",-52.2227,-58.8819,2015
"484",-51.7213,-61.3006,2015
"485",-51.2941,-60.5388,2015
"486",-51.7406,-61.2611,2015
"487",-51.3619,-60.0819,2015
"488",-52.2227,-58.8819,2015
"489",-52.4291,-59.0922,2015
"490",-51.3509,-60.679,2015
"491",-51.3568,-60.705,2015
"492",-51.3568,-60.705,2015
"493",-51.3568,-60.705,2015
"494",-51.6957,-57.855,2015
"495",-51.2941,-60.5388,2015
"496",-51.348,-60.687,2015
"497",-51.348,-60.687,2015
"498",-51.2941,-60.5388,2015
"499",-51.3568,-60.705,2015
"500",-51.3496,-60.6854,2015
"501",-51.3077,-60.2333,2015
"502",-51.7379,-61.307,2015
"503",-51.3274,-60.192,2015
"504",-54.976386,-67.568483,2015
"505",-52.4291,-59.0922,2015
"506",-51.2941,-60.5388,2015
"507",-51.2941,-60.5388,2015
"508",-54.6602,-64.1256,2015
"509",-54.7367,-63.8645,2015
"510",-54.8931,-64.6558,2015
"511",-54.7623,-64.4292,2015
"512",-51.2953,-60.5559,2015
"513",-51.3568,-60.705,2015
"514",-51.2941,-60.5388,2015
"515",-51.8699,-73.305,2015
"516",-55.975,-67.2789,2015
"517",-51.7158,-61.3121,2015
"518",-51.3568,-60.705,2015
"519",-51.3568,-60.705,2015
"520",-51.3568,-60.705,2015
"521",-51.3568,-60.705,2015
"522",-51.3077,-60.2333,2015
"523",-54.8,-68.3167,2015
"524",-52.4258,-59.0749,2015
"525",-52.4258,-59.0749,2015
"526",-52.4258,-59.0749,2015
"527",-51.3568,-60.705,2015
"528",-52.4258,-59.0749,2015
"529",-51.2941,-60.5388,2015
"530",-51.3549,-60.6825,2015
"531",-51.3662,-60.6324,2015
"532",-51.2941,-60.5388,2015
"533",-51.7429,-59.3929,2015
"534",-51.3077,-60.2333,2015
"535",-51.2941,-60.5388,2015
"536",-51.6923,-57.8552,2015
"537",-51.2936,-60.5573,2015
"538",-51.2908,-60.5542,2015
"539",-51.3084,-60.2358,2015
"540",-55.975,-67.2789,2016
"541",-51.3077,-60.2333,2016
"542",-51.3077,-60.2333,2016
"543",-52.4291,-59.0922,2016
"544",-51.3568,-60.705,2016
"545",-51.3568,-60.705,2016
"546",-51.3568,-60.705,2016
"547",-51.7963,-59.5236,2016
"548",-51.3508,-60.6974,2016
"549",-51.3274,-60.192,2016
"550",-51.3128,-60.2499,2016
"551",-51.3128,-60.2499,2016
"552",-51.3077,-60.2333,2016
"553",-52.4291,-59.0922,2016
"554",-51.3077,-60.2333,2016
"555",-51.3042,-60.0943,2016
"556",-54.9436,-67.6624,2016
"557",-54.8389,-68.2935,2016
"558",-54.8389,-68.2935,2016
"559",-54.8389,-68.2935,2016
"560",-54.9508,-67.6671,2016
"561",-51.276723,-60.572047,2016
"562",-54.968,-66.7431,2016
"563",-51.3077,-60.2333,2016
"564",-51.3568,-60.705,2016
"565",-51.7,-58.6,2016
"566",-51.0358,-61.2158,2016
"567",-51.0358,-61.2158,2016
"568",-53.6719,-72.2667,2016
"569",-51.6957,-57.855,2016
"570",-55.9638,-66.9326,2016
"571",-54.777,-64.0484,2016
"572",-54.7367,-63.8645,2016
"573",-54.777,-64.0484,2016
"574",-54.7381,-64.022,2016
"575",-54.7051,-64.239,2016
"576",-54.777,-64.0484,2016
"577",-55.9638,-66.9326,2016
"578",-54.7367,-63.8645,2016
"579",-54.7381,-64.022,2016
"580",-54.7367,-63.8645,2016
"581",-54.7367,-63.8645,2016
"582",-51.3528,-60.6599,2016
"583",-51.2953,-60.5559,2016
"584",-51.3496,-60.6854,2016
"585",-51.3274,-60.192,2016
"586",-51.2941,-60.5388,2016
"587",-51.7379,-61.307,2016
"588",-51.0358,-61.2158,2016
"589",-51.3568,-60.705,2016
"590",-51.3619,-60.0819,2016
"591",-52.4291,-59.0922,2016
"592",-51.3568,-60.705,2016
"593",-52.4291,-59.0922,2016
"594",-52.4291,-59.0922,2016
"595",-52.4291,-59.0922,2016
"596",-52.4291,-59.0922,2016
"597",-52.4291,-59.0922,2016
"598",-51.2941,-60.5388,2016
"599",-51.3568,-60.705,2016
"600",-51.7379,-61.307,2016
"601",-51.0358,-61.2158,2016
"602",-51.370151,-60.68468,2016
"603",-51.3418,-60.6972,2016
"604",-51.6979,-57.8342,2016
"605",-51.0358,-61.2158,2016
"606",-52.4291,-59.0922,2016
"607",-51.612,-59.523,2016
"608",-51.3568,-60.705,2016
"609",-52.4338,-59.0996,2016
"610",-51.2941,-60.5388,2016
"611",-51.2804,-60.5631,2016
"612",-52.4338,-59.0996,2016
"613",-52.4291,-59.0922,2016
"614",-52.4291,-59.0922,2016
"615",-51.0358,-61.2158,2016
"616",-51.2941,-60.5388,2016
"617",-51.7379,-61.307,2016
"618",-51.7379,-61.307,2016
"619",-52.4338,-59.0996,2016
"620",-51.2922,-60.5557,2016
"621",-51.306637,-60.239182,2016
"622",-51.290804,-60.557363,2016
"623",-51.325462,-60.14328,2016
"624",-51.3077,-60.2333,2016
"625",-51.2941,-60.5388,2016
"626",-51.3652,-60.6736,2016
"627",-51.2941,-60.5388,2016
"628",-51.3274,-60.192,2016
"629",-51.3077,-60.2333,2016
"630",-51.2941,-60.5388,2016
"631",-51.2941,-60.5388,2016
"632",-51.2941,-60.5388,2016
"633",-51.3568,-60.705,2016
"634",-51.3077,-60.2333,2016
"635",-55.9446,-67.2772,2016
"636",-55.9446,-67.2772,2016
"637",-51.2941,-60.5388,2016
"638",-51.286443,-60.262289,2016
"639",-51.010294,-61.292099,2017
"640",-51.2941,-60.5388,2017
"641",-51.3274,-60.192,2017
"642",-51.3077,-60.2333,2017
"643",-51.3274,-60.192,2017
"644",-51.7379,-61.307,2017
"645",-51.3077,-60.2333,2017
"646",-51.3077,-60.2333,2017
"647",-51.4949,-58.0312,2017
"648",-51.2941,-60.5388,2017
"649",-51.3077,-60.2333,2017
"650",-51.3568,-60.705,2017
"651",-52.4291,-59.0922,2017
"652",-51.3274,-60.192,2017
"653",-51.2958,-59.7169,2017
"654",-51.308169,-60.226845,2017
"655",-51.297253,-60.53321,2017
"656",-51.724587,-61.299398,2017
"657",-51.300676,-60.248938,2017
"658",-51.724587,-61.299398,2017
"659",-51.291362,-60.554177,2017
"660",-51.292538,-60.545223,2017
"661",-51.258265,-60.579695,2017
"662",-51.286349,-60.26114,2017
"663",-51.307976,-60.529531,2017
"664",-51.307976,-60.529531,2017
"665",-51.291362,-60.554177,2017
"666",-51.297604,-60.252697,2017
"667",-51.718549,-61.307014,2017
"668",-51.718549,-61.307014,2017
"669",-51.297852,-60.252652,2017
"670",-51.722169,-61.300827,2017
"671",-51.722169,-61.300827,2017
"672",-51.297253,-60.53321,2017
"673",-51.292538,-60.545223,2017
"674",-52.4291,-59.0922,2017
"675",-51.2941,-60.5388,2017
"676",-51.3077,-60.2333,2017
"677",-52.4291,-59.0922,2017
"678",-52.4291,-59.0922,2017
"679",-51.3097,-60.1037,2017
"680",-52.4291,-59.0922,2017
"681",-51.4798,-57.8338,2017
"682",-51.2941,-60.5388,2017
"683",-52.2227,-58.8819,2017
"684",-51.3077,-60.2333,2017
"685",-51.2941,-60.5388,2017
"686",-51.4798,-57.8338,2017
"687",-52.4291,-59.0922,2017
"688",-51.3097,-60.1037,2017
"689",-52.578043,-59.074607,2017
"690",-51.331,-59.9428,2017
"691",-51.3102,-60.5218,2017
"692",-51.3495,-60.685,2017
"693",-53.8322,-72.4761,2017
"694",-55.9648,-67.225,2017
"695",-51.3104,-60.0915,2017
"696",-51.7213,-61.3006,2017
"697",-51.0358,-61.2158,2017
"698",-51.3102,-60.5218,2017
"699",-51.3496,-60.6854,2017
"700",-51.3568,-60.705,2017
"701",-54.792732,-68.224387,2017
"702",-53.8317,-72.3828,2017
"703",-54.788365,-64.178082,2017
"704",-56.4815,-68.7236,2017
"705",-56.4815,-68.7236,2017
"706",-56.4815,-68.7236,2017
"707",-51.7379,-61.307,2017
"708",-56.526949,-68.621801,2017
"709",-51.3349,-60.7256,2017
"710",-51.2941,-60.5388,2017
"711",-51.3568,-60.705,2017
"712",-51.3568,-60.705,2017
"713",-51.7292,-61.2851,2017
"714",-54.8444,-64.6801,2017
"715",-54.7367,-63.8645,2017
"716",-55.9648,-67.225,2017
"717",-53.8308,-72.1781,2017
"718",-51.3533,-60.6957,2017
"719",-54.6602,-64.1256,2017
"720",-54.7367,-63.8645,2017
"721",-55.9648,-67.225,2017
"722",-54.8444,-64.6801,2017
"723",-54.8391,-64.4584,2017
"724",-54.7367,-63.8645,2017
"725",-54.6602,-64.1256,2017
"726",-55.9648,-67.225,2017
"727",-55.9632,-67.2221,2017
"728",-54.6602,-64.1256,2017
"729",-54.8444,-64.6801,2017
"730",-51.7158,-61.3121,2017
"731",-51.3568,-60.705,2017
"732",-51.3568,-60.705,2017
"733",-51.3568,-60.705,2017
"734",-52.2227,-58.8819,2017
"735",-54.6525,-65.5573,2017
"736",-54.5496,-66.1696,2017
"737",-51.2941,-60.5388,2017
"738",-55.4488,-67.0539,2017
"739",-51.2941,-60.5388,2017
"740",-51.2941,-60.5388,2017
"741",-51.7379,-61.307,2017
"742",-54.966635,-64.623587,2017
"743",-51.232,-60.6374,2017
"744",-51.2813,-60.566,2017
"745",-51.291701,-60.555839,2017
"746",-51.313131,-60.527875,2017
"747",-52.4291,-59.0922,2018
"748",-52.4291,-59.0922,2018
"749",-52.4291,-59.0922,2018
"750",-51.3077,-60.2333,2018
"751",-51.3059,-60.1052,2018
"752",-51.4798,-57.8338,2018
"753",-51.3077,-60.2333,2018
"754",-51.3568,-60.705,2018
"755",-51.3077,-60.2333,2018
"756",-51.788,-58.2301,2018
"757",-52.4291,-59.0922,2018
"758",-52.2227,-58.8819,2018
"759",-51.788,-58.2301,2018
"760",-55.813,-66.7991,2018
"761",-51.3077,-60.2333,2018
"762",-52.4291,-59.0922,2018
"763",-51.3619,-60.0819,2018
"764",-52.1675,-60.9256,2018
"765",-52.2227,-58.8819,2018
"766",-52.4291,-59.0922,2018
"767",-51.7213,-61.3006,2018
"768",-51.3188,-59.5853,2018
"769",-51.2941,-60.5388,2018
"770",-51.7379,-61.307,2018
"771",-51.2941,-60.5388,2018
"772",-52.4291,-59.0922,2018
"773",-51.2713,-60.2853,2018
"774",-51.3077,-60.2333,2018
"775",-52.2227,-58.8819,2018
"776",-52.4291,-59.0922,2018
"777",-51.3568,-60.705,2018
"778",-51.3568,-60.705,2018
"779",-51.3077,-60.5186,2018
"780",-52.1675,-60.9256,2018
"781",-51.3478,-60.71,2018
"782",-51.3651,-60.0841,2018
"783",-52.1675,-60.9256,2018
"784",-52.1675,-60.9256,2018
"785",-52.1675,-60.9256,2018
"786",-52.1675,-60.9256,2018
"787",-52.1675,-60.9256,2018
"788",-52.1675,-60.9256,2018
"789",-52.1675,-60.9256,2018
"790",-52.1675,-60.9256,2018
"791",-52.1675,-60.9256,2018
"792",-52.1675,-60.9256,2018
"793",-51.3568,-60.705,2018
"794",-51.3184,-60.4093,2018
"795",-52.137259,-60.942819,2018
"796",-55.9648,-67.225,2018
"797",-51.0358,-61.2158,2018
"798",-51.3042,-60.0943,2018
"799",-51.3274,-60.192,2018
"800",-51.2941,-60.5388,2018
"801",-51.3274,-60.192,2018
"802",-52.2227,-58.8819,2018
"803",-51.3274,-60.192,2018
"804",-52.4291,-59.0922,2018
"805",-51.2941,-60.5388,2018
"806",-51.294354,-60.557153,2018
"807",-51.292379,-60.556175,2018
"808",-52.425033,-59.093518,2018
"809",-52.4291,-59.0922,2018
"810",-51.2941,-60.5388,2018
"811",-51.3077,-60.2333,2018
"812",-55.9446,-67.2772,2018
"813",-51.3077,-60.2333,2018
"814",-51.3077,-60.2333,2018
"815",-51.3077,-60.2333,2018
"816",-54.6339,-65.3093,2018
"817",-52.4291,-59.0922,2018
"818",-52.4291,-59.0922,2018
"819",-51.3333,-58.8667,2018
"820",-51.3333,-58.8667,2018
"821",-52.4291,-59.0922,2018
"822",-51.3077,-60.2333,2018
"823",-51.2941,-60.5388,2018
"824",-51.3077,-60.2333,2018
"825",-51.3077,-60.2333,2018
"826",-51.2941,-60.5388,2018
"827",-51.2941,-60.5388,2018
"828",-51.3077,-60.2333,2018
"829",-51.2941,-60.5388,2018
"830",-51.3077,-60.2333,2018
"831",-51.2941,-60.5388,2018
"832",-52.4291,-59.0922,2018
"833",-51.2941,-60.5388,2018
"834",-51.3077,-60.2333,2018
"835",-51.2941,-60.5388,2018
"836",-51.2941,-60.5388,2018
"837",-51.2941,-60.5388,2018
"838",-51.3077,-60.2333,2018
"839",-51.3042,-60.0943,2018
"840",-51.2941,-60.5388,2018
"841",-51.3077,-60.2333,2018
"842",-51.3274,-60.192,2018
"843",-51.3568,-60.705,2018
"844",-51.7213,-61.3006,2018
"845",-51.3568,-60.705,2018
"846",-51.364153,-60.636603,2018
"847",-51.2941,-60.5388,2018
"848",-51.3528,-60.6599,2018
"849",-52.4291,-59.0922,2018
"850",-51.2941,-60.5388,2018
"851",-51.2941,-60.5388,2018
"852",-52.4302,-59.0692,2018
"853",-51.2941,-60.5388,2018
"854",-51.7218,-61.3011,2018
"855",-51.4798,-57.8338,2018
"856",-52.4302,-59.0692,2018
"857",-51.3077,-60.2333,2018
"858",-52.4291,-59.0922,2018
"859",-51.3568,-60.705,2018
"860",-52.4314,-59.1017,2018
"861",-52.4291,-59.0922,2018
"862",-51.3077,-60.2333,2018
"863",-51.0358,-61.2158,2018
"864",-52.4291,-59.0922,2018
"865",-52.4291,-59.0922,2018
"866",-52.4291,-59.0922,2018
"867",-52.4291,-59.0922,2018
"868",-51.3077,-60.2333,2018
"869",-51.3568,-60.705,2018
"870",-52.4295,-59.0848,2018
"871",-56.4815,-68.7236,2018
"872",-51.3568,-60.705,2018
"873",-52.4302,-59.0692,2018
"874",-56.4815,-68.7236,2018
"875",-54.895653,-64.695927,2018
"876",-54.724674,-64.080624,2018
"877",-54.721923,-64.142268,2018
"878",-54.721923,-64.142268,2018
"879",-54.724674,-64.080624,2018
"880",-52.4314,-59.1017,2018
"881",-52.4462,-59.1144,2018
"882",-52.4462,-59.1144,2018
"883",-52.4314,-59.1017,2018
"884",-52.4462,-59.1144,2018
"885",-52.4314,-59.1017,2018
"886",-52.4302,-59.0692,2018
"887",-52.446,-59.1288,2018
"888",-52.4295,-59.0848,2018
"889",-52.446,-59.1288,2018
"890",-52.4462,-59.1144,2018
"891",-52.4295,-59.0848,2018
"892",-52.446,-59.1288,2018
"893",-52.4462,-59.1144,2018
"894",-52.4295,-59.0848,2018
"895",-52.446,-59.1288,2018
"896",-52.4462,-59.1144,2018
"897",-52.4295,-59.0848,2018
"898",-52.4295,-59.0848,2018
"899",-52.4314,-59.1017,2018
"900",-52.4295,-59.0848,2018
"901",-52.4314,-59.1017,2018
"902",-53.8308,-72.1781,2018
"903",-56.4815,-68.7236,2018
"904",-52.4291,-59.0922,2018
"905",-52.4314,-59.1017,2018
"906",-52.4302,-59.0692,2018
"907",-52.4252,-59.0696,2018
"908",-52.4344,-59.1409,2018
"909",-52.4243,-59.0607,2018
"910",-52.299635,-58.840986,2018
"911",-54.7343,-63.8639,2018
"912",-54.7367,-63.8645,2018
"913",-54.777,-64.0484,2018
"914",-54.7623,-64.4292,2018
"915",-51.7213,-61.3006,2018
"916",-51.2941,-60.5388,2018
"917",-51.0736,-61.029,2018
"918",-55.9648,-67.225,2018
"919",-55.9648,-67.225,2018
"920",-54.7655,-64.7067,2018
"921",-54.7442,-64.2232,2018
"922",-51.7213,-61.3006,2018
"923",-51.3568,-60.705,2018
"924",-52.4462,-59.1144,2018
"925",-51.7379,-61.307,2018
"926",-54.8444,-64.6801,2018
"927",-53.4676,-70.2222,2018
"928",-51.7379,-61.307,2018
"929",-51.3568,-60.705,2018
"930",-54.6602,-64.1256,2018
"931",-51.3568,-60.705,2018
"932",-51.7379,-61.307,2018
"933",-52.4291,-59.0922,2018
"934",-51.7379,-61.307,2018
"935",-51.7379,-61.307,2018
"936",-51.0204,-61.2296,2018
"937",-52.4291,-59.0922,2018
"938",-52.4103,-59.0643,2018
"939",-51.7379,-61.307,2018
"940",-51.7289,-61.2077,2018
"941",-52.4103,-59.0643,2018
"942",-52.4103,-59.0643,2018
"943",-51.0358,-61.2158,2018
"944",-51.2941,-60.5388,2018
"945",-51.7289,-61.2077,2018
"946",-51.0358,-61.2158,2018
"947",-51.3077,-60.2333,2018
"948",-51.7158,-61.3121,2018
"949",-51.3568,-60.705,2018
"950",-51.3568,-60.705,2018
"951",-51.2941,-60.5388,2018
"952",-51.0123,-61.2525,2018
"953",-51.0479,-61.2019,2018
"954",-51.0358,-61.2158,2018
"955",-51.3077,-60.2333,2018
"956",-51.3568,-60.705,2018
"957",-51.2941,-60.5388,2018
"958",-51.0358,-61.2158,2018
"959",-51.2941,-60.5388,2018
"960",-52.4302,-59.1264,2018
"961",-51.3568,-60.705,2018
"962",-52.4291,-59.0922,2018
"963",-51.7379,-61.307,2018
"964",-51.3568,-60.705,2018
"965",-52.4291,-59.0922,2018
"966",-51.0358,-61.2158,2018
"967",-51.2941,-60.5388,2018
"968",-51.3568,-60.705,2018
"969",-51.3568,-60.705,2018
"970",-51.3077,-60.2333,2018
"971",-51.2941,-60.5388,2018
"972",-51.0358,-61.2158,2018
"973",-51.3568,-60.705,2018
"974",-51.2941,-60.5388,2018
"975",-52.4291,-59.0922,2018
"976",-52.4103,-59.0643,2018
"977",-51.0358,-61.2158,2018
"978",-51.2941,-60.5388,2018
"979",-51.3077,-60.2333,2018
"980",-51.7379,-61.307,2018
"981",-51.0356,-61.2217,2018
"982",-51.0479,-61.2019,2018
"983",-51.2941,-60.5388,2018
"984",-51.2941,-60.5388,2018
"985",-51.7289,-61.2077,2018
"986",-51.3077,-60.2333,2018
"987",-52.4291,-59.0922,2018
"988",-52.4314,-59.1017,2018
"989",-51.7158,-61.3121,2018
"990",-51.0358,-61.2158,2018
"991",-51.7379,-61.307,2018
"992",-51.7379,-61.307,2018
"993",-51.3568,-60.705,2018
"994",-51.3077,-60.2333,2018
"995",-51.7379,-61.307,2018
"996",-55.975,-67.2789,2018
"997",-52.4103,-59.0643,2018
"998",-51.0358,-61.2158,2018
"999",-51.0282,-61.2472,2018
"1000",-51.0479,-61.2019,2018
"1001",-51.0392,-61.2234,2018
"1002",-51.7289,-61.2077,2018
"1003",-52.4103,-59.0643,2018
"1004",-51.3568,-60.705,2018
"1005",-51.7379,-61.307,2018
"1006",-51.0358,-61.2158,2018
"1007",-52.4103,-59.0643,2018
"1008",-51.6923,-57.8552,2018
"1009",-51.7379,-61.307,2018
"1010",-52.4291,-59.0922,2018
"1011",-51.3568,-60.705,2018
"1012",-52.4291,-59.0922,2018
"1013",-52.4103,-59.0643,2018
"1014",-52.4319,-59.0751,2018
"1015",-54.7904,-68.2213,2018
"1016",-51.2941,-60.5388,2018
"1017",-51.3077,-60.2333,2018
"1018",-51.0358,-61.2158,2018
"1019",-52.4291,-59.0922,2018
"1020",-52.427,-59.062,2018
"1021",-51.2941,-60.5388,2018
"1022",-51.0358,-61.2158,2018
"1023",-51.3568,-60.705,2018
"1024",-51.3077,-60.2333,2018
"1025",-51.3077,-60.2333,2018
"1026",-51.2941,-60.5388,2018
"1027",-51.7213,-61.3006,2018
"1028",-51.7379,-61.307,2018
"1029",-51.7289,-61.2077,2018
"1030",-52.4291,-59.0922,2018
"1031",-51.3077,-60.2333,2018
"1032",-51.3568,-60.705,2018
"1033",-51.7289,-61.2077,2018
"1034",-51.3077,-60.2333,2018
"1035",-52.4103,-59.0643,2018
"1036",-51.2941,-60.5388,2018
"1037",-51.7289,-61.2077,2018
"1038",-51.2941,-60.5388,2018
"1039",-51.3568,-60.705,2018
"1040",-51.7379,-61.307,2018
"1041",-51.0358,-61.2158,2018
"1042",-51.7289,-61.2077,2018
"1043",-51.3568,-60.705,2018
"1044",-51.2941,-60.5388,2018
"1045",-51.3077,-60.2333,2018
"1046",-51.0479,-61.2019,2018
"1047",-51.0123,-61.2525,2018
"1048",-51.0479,-61.2019,2018
"1049",-51.0495,-61.1705,2018
"1050",-51.7379,-61.307,2018
"1051",-51.3077,-60.2333,2018
"1052",-51.7289,-61.2077,2018
"1053",-51.3568,-60.705,2018
"1054",-52.4103,-59.0643,2018
"1055",-52.446,-59.1288,2018
"1056",-51.3568,-60.705,2018
"1057",-51.3077,-60.2333,2018
"1058",-51.3077,-60.2333,2018
"1059",-51.7213,-61.3006,2018
"1060",-51.3522,-60.6975,2018
"1061",-51.3077,-60.2333,2018
"1062",-52.4291,-59.0922,2018
"1063",-51.3568,-60.705,2018
"1064",-51.7289,-61.2077,2018
"1065",-51.0358,-61.2158,2018
"1066",-51.3077,-60.2333,2018
"1067",-52.4103,-59.0643,2018
"1068",-51.7289,-61.2077,2018
"1069",-51.7379,-61.307,2018
"1070",-51.3568,-60.705,2018
"1071",-51.2941,-60.5388,2018
"1072",-51.3077,-60.2333,2018
"1073",-51.0358,-61.2158,2018
"1074",-51.3568,-60.705,2018
"1075",-51.655539,-61.274997,2018
"1076",-51.651786,-61.361789,2018
"1077",-51.674662,-61.35349,2018
"1078",-51.713033,-61.282056,2018
"1079",-51.785296,-61.35965,2018
"1080",-51.618845,-61.259214,2018
"1081",-52.4302,-59.1264,2018
"1082",-52.2227,-58.8819,2018
"1083",-51.9545,-60.0674,2018
"1084",-51.9545,-60.0674,2018
"1085",-52.4291,-59.0922,2018
"1086",-51.2941,-60.5388,2018
"1087",-51.2941,-60.5388,2018
"1088",-51.2941,-60.5388,2018
"1089",-52.4291,-59.0922,2018
"1090",-52.4291,-59.0922,2018
"1091",-51.7213,-61.3006,2018
"1092",-51.3105,-59.5453,2018
"1093",-51.3077,-60.2333,2018
"1094",-52.4291,-59.0922,2018
"1095",-52.427,-59.062,2018
"1096",-52.4291,-59.0922,2018
"1097",-51.7158,-61.3121,2018
"1098",-51.3568,-60.705,2018
"1099",-52.4291,-59.0922,2018
"1100",-51.388,-58.0325,2018
"1101",-51.2941,-60.5388,2018
"1102",-51.9655,-59.9072,2018
"1103",-52.2227,-58.8819,2018
"1104",-52.4291,-59.0922,2018
"1105",-52.4291,-59.0922,2018
"1106",-52.4291,-59.0922,2018
"1107",-51.3662,-60.6324,2018
"1108",-52.4291,-59.0922,2018
"1109",-51.3568,-60.705,2018
"1110",-54.942861,-64.605712,2018
"1111",-54.900279,-64.611508,2018
"1112",-54.915655,-64.759859,2018
"1113",-54.906977,-64.687904,2018
"1114",-54.653,-71.838,2018
"1115",-51.3568,-60.705,2018
"1116",-54.653,-71.838,2018
"1117",-51.6923,-57.8552,2018
"1118",-51.308365,-60.239128,2018
"1119",-51.332359,-60.646172,2018
"1120",-51.299335,-60.529739,2018
"1121",-51.360535,-60.295369,2018
"1122",-51.3077,-60.2333,2019
"1123",-51.3081,-60.2319,2019
"1124",-51.3167,-59.5,2019
"1125",-52.4291,-59.0922,2019
"1126",-51.3042,-60.0943,2019
"1127",-52.4291,-59.0922,2019
"1128",-51.3078,-60.2409,2019
"1129",-52.2227,-58.8819,2019
"1130",-52.4291,-59.0922,2019
"1131",-51.3077,-60.2333,2019
"1132",-51.2956,-59.6509,2019
"1133",-52.4291,-59.0922,2019
"1134",-51.3042,-60.0943,2019
"1135",-52.4291,-59.0922,2019
"1136",-52.4291,-59.0922,2019
"1137",-52.4291,-59.0922,2019
"1138",-52.4302,-59.0692,2019
"1139",-51.3056,-60.1046,2019
"1140",-52.2227,-58.8819,2019
"1141",-51.9055,-60.9907,2019
"1142",-52.4291,-59.0922,2019
"1143",-52.4291,-59.0922,2019
"1144",-52.2227,-58.8819,2019
"1145",-52.2227,-58.8819,2019
"1146",-51.3167,-59.5,2019
"1147",-51.3453,-60.671,2019
"1148",-52.2227,-58.8819,2019
"1149",-51.3453,-60.671,2019
"1150",-51.3156,-60.2507,2019
"1151",-52.2227,-58.8819,2019
"1152",-54.9769,-66.0279,2019
"1153",-54.9755,-66.7445,2019
"1154",-52.2227,-58.8819,2019
"1155",-51.3064,-60.099,2019
"1156",-52.4291,-59.0922,2019
"1157",-52.4291,-59.0922,2019
"1158",-51.3077,-60.2333,2019
"1159",-51.3056,-60.1046,2019
"1160",-52.4291,-59.0922,2019
"1161",-52.4462,-59.1144,2019
"1162",-51.3274,-60.192,2019
"1163",-52.2227,-58.8819,2019
"1164",-51.3493,-60.6852,2019
"1165",-52.4291,-59.0922,2019
"1166",-51.3056,-60.1046,2019
"1167",-52.4291,-59.0922,2019
"1168",-52.4302,-59.1264,2019
"1169",-51.3619,-60.0819,2019
"1170",-52.4291,-59.0922,2019
"1171",-51.3493,-60.6851,2019
"1172",-52.4291,-59.0922,2019
"1173",-51.3156,-60.2507,2019
"1174",-54.8528,-67.9418,2019
"1175",-52.4291,-59.0922,2019
"1176",-51.3188,-59.5853,2019
"1177",-52.2107,-58.8376,2019
"1178",-51.2941,-60.5388,2019
"1179",-54.9889,-66.1768,2019
"1180",-51.3042,-60.0943,2019
"1181",-51.2941,-60.5388,2019
"1182",-51.308113,-60.231411,2019
"1183",-51.247374,-60.333987,2019
"1184",-51.34701,-60.664351,2019
"1185",-51.600443,-61.353958,2019
"1186",-51.209789,-60.566582,2019
"1187",-52.4291,-59.0922,2019
"1188",-52.4291,-59.0922,2019
"1189",-55.975,-67.2789,2019
"1190",-52.4291,-59.0922,2019
"1191",-54.1647,-70.2904,2019
"1192",-52.4291,-59.0922,2019
"1193",-52.4253,-59.0788,2019
"1194",-51.3077,-60.2333,2019
"1195",-51.2941,-60.5388,2019
"1196",-51.3096,-60.2313,2019
"1197",-51.3568,-60.705,2019
"1198",-51.3495,-60.6853,2019
"1199",-51.2941,-60.5388,2019
"1200",-52.4335,-59.083,2019
"1201",-54.1647,-70.2904,2019
"1202",-52.4291,-59.0922,2019
"1203",-51.3077,-60.2333,2019
"1204",-51.2941,-60.5388,2019
"1205",-52.1923,-58.838,2019
"1206",-51.2941,-60.5388,2019
"1207",-54.7632,-65.1996,2019
"1208",-51.7158,-61.3121,2019
"1209",-52.4291,-59.0922,2019
"1210",-52.4308,-59.0741,2019
"1211",-52.4291,-59.0922,2019
"1212",-52.4239,-59.0714,2019
"1213",-52.1923,-58.838,2019
"1214",-52.4291,-59.0922,2019
"1215",-52.4239,-59.0714,2019
"1216",-51.2941,-60.5388,2019
"1217",-52.4291,-59.0922,2019
"1218",-52.4308,-59.0741,2019
"1219",-51.7158,-61.3121,2019
"1220",-51.3077,-60.2333,2019
"1221",-52.4291,-59.0922,2019
"1222",-52.4291,-59.0922,2019
"1223",-52.4291,-59.0922,2019
"1224",-53.6719,-72.2667,2019
"1225",-51.3077,-60.2333,2019
"1226",-52.2227,-58.8819,2019
"1227",-51.3077,-60.2333,2019
"1228",-52.4253,-59.0788,2019
"1229",-54.1647,-70.2904,2019
"1230",-54.6418,-65.251,2019
"1231",-51.3568,-60.705,2019
"1232",-52.2227,-58.8819,2019
"1233",-52.4335,-59.083,2019
"1234",-52.1923,-58.838,2019
"1235",-51.3077,-60.2333,2019
"1236",-54.8275,-65.3535,2019
"1237",-51.7379,-61.307,2019
"1238",-51.3077,-60.2333,2019
"1239",-51.7158,-61.3121,2019
"1240",-51.3662,-60.6324,2019
"1241",-51.7213,-61.3006,2019
"1242",-51.3568,-60.705,2019
"1243",-51.6813,-57.7521,2019
"1244",-51.3077,-60.2333,2019
"1245",-51.3662,-60.6324,2019
"1246",-55.9648,-67.225,2019
"1247",-51.3152,-60.2467,2019
"1248",-51.3512,-60.6797,2019
"1249",-51.7379,-61.307,2019
"1250",-51.3512,-60.6797,2019
"1251",-51.7072,-61.2944,2019
"1252",-55.9648,-67.225,2019
"1253",-54.773,-64.2893,2019
"1254",-52.6825,-73.7839,2019
"1255",-51.7158,-61.2744,2019
"1256",-51.3042,-60.0943,2019
"1257",-51.7504,-61.2854,2019
"1258",-51.3102,-60.5218,2019
"1259",-51.3274,-60.192,2019
"1260",-51.3662,-60.6324,2019
"1261",-51.7213,-61.3008,2019
"1262",-51.7158,-61.3121,2019
"1263",-51.6987,-61.2555,2019
"1264",-51.7379,-61.307,2019
"1265",-56.490219,-68.695259,2019
"1266",-51.908816,-60.823048,2019
"1267",-53.8618,-72.2029,2019
"1268",-52.4291,-59.0922,2019
"1269",-52.4291,-59.0922,2019
"1270",-52.4291,-59.0922,2019
"1271",-52.4291,-59.0922,2019
"1272",-52.4291,-59.0922,2019
"1273",-52.4291,-59.0922,2019
"1274",-52.4291,-59.0922,2019
"1275",-52.4291,-59.0922,2019
"1276",-52.4291,-59.0922,2019
"1277",-52.4291,-59.0922,2019
"1278",-52.4291,-59.0922,2019
"1279",-52.4291,-59.0922,2019
"1280",-52.4291,-59.0922,2019
"1281",-52.4291,-59.0922,2019
"1282",-52.4291,-59.0922,2019
"1283",-52.4291,-59.0922,2019
"1284",-52.4291,-59.0922,2019
"1285",-52.4291,-59.0922,2019
"1286",-52.23789,-58.872132,2019
"1287",-53.6316,-70.9099,2019
"1288",-53.6316,-70.9099,2019
"1289",-53.6316,-70.9099,2019
"1290",-51.7379,-61.307,2019
"1291",-53.5847,-70.9262,2019
"1292",-53.5864,-70.9253,2019
"1293",-53.5847,-70.9262,2019
"1294",-53.4161,-69.279,2019
"1295",-53.5847,-70.9262,2019
"1296",-53.5847,-70.9262,2019
"1297",-53.5847,-70.9262,2019
"1298",-53.5847,-70.9262,2019
"1299",-53.5847,-70.9262,2019
"1300",-50.3615,-75.345,2019
"1301",-50.3601,-75.344,2019
"1302",-50.3639,-75.3368,2019
"1303",-53.5847,-70.9262,2019
"1304",-50.3666,-75.3383,2019
"1305",-53.5847,-70.9262,2019
"1306",-53.5847,-70.9262,2019
"1307",-50.3666,-75.3321,2019
"1308",-52.4291,-59.0922,2019
"1309",-50.3676,-75.3366,2019
"1310",-53.5857,-70.9301,2019
"1311",-51.7797,-72.4583,2019
"1312",-51.951014,-60.803505,2019
"1313",-52.4291,-59.0922,2019
"1314",-51.3088,-60.5217,2019
"1315",-52.4291,-59.0922,2019
"1316",-51.7084,-61.2943,2019
"1317",-54.8444,-64.6801,2019
"1318",-51.3568,-60.705,2019
"1319",-51.2941,-60.5388,2019
"1320",-51.7213,-61.3006,2019
"1321",-54.777,-64.0484,2019
"1322",-51.7158,-61.3121,2019
"1323",-51.3409,-60.6567,2019
"1324",-54.8369,-64.4734,2019
"1325",-54.8444,-64.6801,2019
"1326",-55.9648,-67.225,2019
"1327",-52.4291,-59.0922,2019
"1328",-51.2941,-60.5388,2019
"1329",-54.6602,-64.1256,2019
"1330",-54.7367,-63.8645,2019
"1331",-54.8391,-64.4584,2019
"1332",-54.773,-64.2893,2019
"1333",-54.7506,-63.7879,2019
"1334",-55.9648,-67.225,2019
"1335",-54.7974,-64.0031,2019
"1336",-51.3568,-60.705,2019
"1337",-54.7755,-64.0461,2019
"1338",-54.863,-64.6789,2019
"1339",-51.353815,-60.451903,2019
"1340",-51.277055,-60.465657,2019
"1341",-52.4291,-59.0922,2019
"1342",-52.4291,-59.0922,2019
"1343",-52.4291,-59.0922,2019
"1344",-52.1675,-60.9256,2019
"1345",-54.2461,-72.638,2019
"1346",-51.2941,-60.5388,2019
"1347",-51.3188,-59.5853,2019
"1348",-55.9648,-67.225,2019
"1349",-52.4291,-59.0922,2019
"1350",-52.4291,-59.0922,2019
"1351",-52.4291,-59.0922,2019
"1352",-52.4291,-59.0922,2019
"1353",-54.259,-72.6446,2019
"1354",-55.9652,-67.2256,2019
"1355",-51.3077,-60.2333,2019
"1356",-51.3188,-59.5853,2019
"1357",-52.4291,-59.0922,2019
"1358",-54.4719,-72.9796,2019
"1359",-54.259,-72.6446,2019
"1360",-51.2941,-60.5388,2019
"1361",-51.2941,-60.5388,2019
"1362",-52.4291,-59.0922,2019
"1363",-54.4901,-73.0265,2019
"1364",-54.4719,-72.9796,2019
"1365",-51.3568,-60.705,2019
"1366",-52.4291,-59.0922,2019
"1367",-51.7158,-61.3121,2019
"1368",-52.4291,-59.0922,2019
"1369",-51.3662,-60.6324,2019
"1370",-51.306524,-60.517358,2019
"1371",-51.315245,-60.510103,2019
"1372",-51.316891,-60.504822,2019
"1373",-51.306524,-60.517358,2019
"1374",-51.315245,-60.510103,2019
"1375",-51.307667,-60.234776,2019
"1376",-52.4291,-59.0922,2019
"1377",-53.6725,-72.1925,2019
"1378",-52.4291,-59.0922,2019
"1379",-53.7017,-72.1943,2019
"1380",-53.1649,-73.5219,2019
"1381",-51.2676,-59.8153,2019
"1382",-53.462,-69.3106,2019
"1383",-51.2941,-60.5388,2019
"1384",-51.3568,-60.705,2019
"1385",-51.2921,-60.5553,2019
"1386",-51.3063,-59.6014,2019
"1387",-51.2921,-60.5553,2019
"1388",-51.3169,-59.6022,2019
"1389",-51.3079,-60.228,2019
"1390",-51.2941,-60.5388,2019
"1391",-51.3186,-59.6057,2019
"1392",-51.3186,-59.6057,2019
"1393",-51.2916,-60.556,2019
"1394",-52.4291,-59.0922,2019
"1395",-51.3568,-60.705,2019
"1396",-51.2921,-60.5553,2019
"1397",-51.3568,-60.705,2019
"1398",-52.4291,-59.0922,2019
"1399",-51.2921,-60.5553,2019
"1400",-51.2921,-60.5553,2019
"1401",-51.3077,-60.2333,2019
"1402",-51.2941,-60.5388,2019
"1403",-54.8374,-68.5594,2019
"1404",-51.306,-60.5236,2019
"1405",-51.3063,-59.6014,2019
"1406",-51.2921,-60.5553,2019
"1407",-51.2921,-60.5553,2019
"1408",-51.2921,-60.5553,2019
"1409",-51.2916,-60.556,2019
"1410",-52.4291,-59.0922,2019
"1411",-51.3077,-60.2333,2019
"1412",-51.2921,-60.5553,2019
"1413",-52.4291,-59.0922,2019
"1414",-52.4291,-59.0922,2019
"1415",-51.3077,-60.2333,2019
"1416",-55.1873,-66.5555,2019
"1417",-51.3042,-60.0943,2019
"1418",-51.3188,-59.5853,2019
"1419",-54.9436,-67.6624,2019
"1420",-51.3077,-60.2333,2019
"1421",-51.2921,-60.5553,2019
"1422",-54.7904,-68.2213,2019
"1423",-53.6725,-72.1925,2019
"1424",-51.3077,-60.2333,2019
"1425",-52.4291,-59.0922,2019
"1426",-52.4291,-59.0922,2019
"1427",-52.4291,-59.0922,2019
"1428",-51.3188,-59.5853,2019
"1429",-52.4291,-59.0922,2019
"1430",-51.3077,-60.2333,2019
"1431",-52.0979,-60.8299,2019
"1432",-51.3063,-59.6014,2019
"1433",-51.3188,-59.5853,2019
"1434",-51.306,-60.5236,2019
"1435",-51.3077,-60.2333,2019
"1436",-51.3077,-60.2333,2019
"1437",-52.4291,-59.0922,2019
"1438",-51.3188,-59.5853,2019
"1439",-51.3188,-59.5853,2019
"1440",-52.4291,-59.0922,2019
"1441",-51.3186,-59.6057,2019
"1442",-51.306,-60.5236,2019
"1443",-51.304691,-60.527401,2019
"1444",-51.327878,-60.210674,2020
"1445",-51.304085,-60.52256,2020
"1446",-52.496992,-59.041181,2020
"1447",-54.749715,-63.83873,2020
"1448",-54.62508,-64.458382,2020
"1449",-54.955268,-67.768633,2020
